<?xml version="1.0" encoding="UTF-8"?>
<MD_Metadata xmlns:gco="http://www.isotc211.org/2005/gco"
             xmlns:gts="http://www.isotc211.org/2005/gts"
             xmlns:gss="http://www.isotc211.org/2005/gss"
             xmlns:gsr="http://www.isotc211.org/2005/gsr"
             xmlns:xsi="http://www.w3.org/2001/XMLSchema-instance"
             xmlns:xlink="http://www.w3.org/1999/xlink"
             xmlns:gml="http://www.opengis.net/gml"
             xmlns="http://www.isotc211.org/2005/gmd">
   <fileIdentifier>
      <gco:CharacterString></gco:CharacterString>
   </fileIdentifier>
   <contact>
      <CI_ResponsibleParty>
         <individualName>
            <gco:CharacterString></gco:CharacterString>
         </individualName>
         <organisationName>
            <gco:CharacterString></gco:CharacterString>
         </organisationName>
         <positionName>
            <gco:CharacterString></gco:CharacterString>
         </positionName>
         <contactInfo>
            <CI_Contact>
               <phone>
                  <CI_Telephone>
                     <voice>
                        <gco:CharacterString></gco:CharacterString>
                     </voice>
                     <facsimile>
                        <gco:CharacterString></gco:CharacterString>
                     </facsimile>
                  </CI_Telephone>
               </phone>
               <address>
                  <CI_Address>
                     <deliveryPoint>
                        <gco:CharacterString></gco:CharacterString>
                     </deliveryPoint>
                     <city>
                        <gco:CharacterString></gco:CharacterString>
                     </city>
                     <administrativeArea>
                        <gco:CharacterString></gco:CharacterString>
                     </administrativeArea>
                     <postalCode>
                        <gco:CharacterString></gco:CharacterString>
                     </postalCode>
                     <country>
                        <gco:CharacterString></gco:CharacterString>
                     </country>
                     <electronicMailAddress>
                        <gco:CharacterString></gco:CharacterString>
                     </electronicMailAddress>
                  </CI_Address>
               </address>
               <onlineResource>
                  <CI_OnlineResource>
                     <linkage>
                        <URL></URL>
                     </linkage>
                     <protocol>
                        <gco:CharacterString></gco:CharacterString>
                     </protocol>
                     <name>
                        <gco:CharacterString></gco:CharacterString>
                     </name>
                     <description>
                        <gco:CharacterString></gco:CharacterString>
                     </description>
                  </CI_OnlineResource>
               </onlineResource>
               <hoursOfService>
                  <gco:CharacterString></gco:CharacterString>
               </hoursOfService>
               <contactInstructions>
                  <gco:CharacterString></gco:CharacterString>
               </contactInstructions>
            </CI_Contact>
         </contactInfo>
         <role>
            <CI_RoleCode codeList="http://www.tc211.org/ISO19139/resources/codeList.xml#CI_RoleCode"
                         codeListValue="resourceProvider"></CI_RoleCode>
         </role>
      </CI_ResponsibleParty>
   </contact>
   <dateStamp>
      <gco:Date></gco:Date>
   </dateStamp>
   <dataSetURI>
      <gco:CharacterString></gco:CharacterString>
   </dataSetURI>
   <locale>
      <PT_Locale>
         <language>
            <LanguageCode codeList="http://www.tc211.org/ISO19139/resources/codeList.xml#LanguageCode"
                          codeListValue="EN"></LanguageCode>
         </language>
         <country>
            <CountryCode codeList="http://www.tc211.org/ISO19139/resources/codeList.xml#CountryCode"
                         codeListValue="ZA"></CountryCode>
         </country>
         <characterEncoding>
            <MD_CharacterSetCode codeList="http://www.tc211.org/ISO19139/resources/codeList.xml#MD_CharacterSetCode"
                                 codeListValue="utf8"></MD_CharacterSetCode>
         </characterEncoding>
      </PT_Locale>
   </locale>
   <spatialRepresentationInfo>
      <MD_GridSpatialRepresentation>
         <numberOfDimensions>
            <gco:Integer>2</gco:Integer>
         </numberOfDimensions>
         <cellGeometry>
            <MD_CellGeometryCode codeList="http://www.tc211.org/ISO19139/resources/codeList.xml#MD_CellGeometryCode"
                                 codeListValue="area"></MD_CellGeometryCode>
         </cellGeometry>
         <transformationParameterAvailability>
            <gco:Boolean></gco:Boolean>
         </transformationParameterAvailability>
      </MD_GridSpatialRepresentation>
      <MD_Georeferenceable>
         <numberOfDimensions>
            <gco:Integer>2</gco:Integer>
         </numberOfDimensions>
         <axisDimensionProperties gco:nilReason="missing"/>
         <cellGeometry>
            <MD_CellGeometryCode codeList="http://www.tc211.org/ISO19139/resources/codeList.xml#MD_CellGeometryCode"
                                 codeListValue="point"></MD_CellGeometryCode>
         </cellGeometry>
         <transformationParameterAvailability gco:nilReason="missing"/>
         <controlPointAvailability gco:nilReason="missing"/>
         <orientationParameterAvailability gco:nilReason="missing"/>
         <georeferencedParameters gco:nilReason="missing"/>
      </MD_Georeferenceable>
   </spatialRepresentationInfo>
   <identificationInfo>
      <MD_DataIdentification>
         <citation>
            <CI_Citation>
               <title>
                  <gco:CharacterString></gco:CharacterString>
               </title>
               <date>
                  <CI_Date>
                     <date>
                        <gco:Date></gco:Date>
                     </date>
                     <dateType>
                        <CI_DateTypeCode codeList="http://www.tc211.org/ISO19139/resources/codeList.xml#CI_DateTypeCode"
                                         codeListValue="creation"></CI_DateTypeCode>
                     </dateType>
                  </CI_Date>
               </date>
            </CI_Citation>
         </citation>
         <abstract>
            <gco:CharacterString></gco:CharacterString>
         </abstract>
         <language>
            <gco:CharacterString></gco:CharacterString>
         </language>
         <topicCategory>
            <MD_TopicCategoryCode></MD_TopicCategoryCode>
         </topicCategory>
         <extent>
            <EX_Extent>
               <geographicElement>
                  <EX_GeographicBoundingBox>
                     <westBoundLongitude>
                        <gco:Decimal></gco:Decimal>
                     </westBoundLongitude>
                     <eastBoundLongitude>
                        <gco:Decimal></gco:Decimal>
                     </eastBoundLongitude>
                     <southBoundLatitude>
                        <gco:Decimal></gco:Decimal>
                     </southBoundLatitude>
                     <northBoundLatitude>
                        <gco:Decimal></gco:Decimal>
                     </northBoundLatitude>
                  </EX_GeographicBoundingBox>
               </geographicElement>
               <verticalElement>
                  <EX_VerticalExtent>
                     <minimumValue>
                        <gco:Real></gco:Real>
                     </minimumValue>
                     <maximumValue>
                        <gco:Real></gco:Real>
                     </maximumValue>
                     <verticalCRS>
                        <gml:VerticalCRS gml:id="id61">
                           <gml:description></gml:description>
                           <gml:identifier codeSpace="value_codeSpace"></gml:identifier>
                           <gml:name></gml:name>
                           <gml:scope></gml:scope>
                           <gml:verticalCS>
                              <gml:VerticalCS gml:id="id7">
                                 <gml:description></gml:description>
                                 <gml:identifier codeSpace="notyetdefined"/>
                                 <gml:name></gml:name>
                                 <gml:axis>
                                    <gml:CoordinateSystemAxis gml:uom="uom" gml:id="id142">
                                       <gml:description></gml:description>
                                       <gml:identifier codeSpace="value_codeSpace"></gml:identifier>
                                       <gml:name></gml:name>
                                       <gml:axisAbbrev></gml:axisAbbrev>
                                       <gml:axisDirection codeSpace="value_codeSpace"></gml:axisDirection>
                                       <gml:minimumValue></gml:minimumValue>
                                       <gml:maximumValue></gml:maximumValue>
                                       <gml:rangeMeaning codeSpace="value_codeSpace"></gml:rangeMeaning>
                                    </gml:CoordinateSystemAxis>
                                 </gml:axis>
                              </gml:VerticalCS>
                           </gml:verticalCS>
                           <gml:verticalDatum>
                              <gml:VerticalDatum gml:id="id641">
                                 <gml:description></gml:description>
                                 <gml:identifier codeSpace="value_codeSpace"></gml:identifier>
                                 <gml:name></gml:name>
                                 <gml:scope></gml:scope>
                              </gml:VerticalDatum>
                           </gml:verticalDatum>
                        </gml:VerticalCRS>
                     </verticalCRS>
                  </EX_VerticalExtent>
               </verticalElement>
            </EX_Extent>
         </extent>
      </MD_DataIdentification>
   </identificationInfo>
   <contentInfo>
      <MD_ImageDescription>
         <attributeDescription>
            <gco:RecordType xlink:href="value_href"></gco:RecordType>
         </attributeDescription>
         <contentType>
            <MD_CoverageContentTypeCode codeList="http://www.tc211.org/ISO19139/resources/codeList.xml#MD_CoverageContentTypeCode"
                                        codeListValue="image"></MD_CoverageContentTypeCode>
         </contentType>
         <dimension>
         </dimension>
         <illuminationElevationAngle>
            <gco:Real></gco:Real>
         </illuminationElevationAngle>
         <illuminationAzimuthAngle>
            <gco:Real>
               <xsl-value-of select="$illuminationAzimuthAngle_v"/>
            </gco:Real>
         </illuminationAzimuthAngle>
         <imagingCondition>
            <MD_ImagingConditionCode codeList="http://www.tc211.org/ISO19139/resources/codeList.xml#MD_ImagingConditionCode"
                                     codeListValue=""/>
         </imagingCondition>
         <imageQualityCode>
            <MD_Identifier>
               <authority>
                  <CI_Citation>
                     <title>
                        <gco:CharacterString></gco:CharacterString>
                     </title>
                     <date>
                        <CI_Date>
                           <date>
                              <gco:Date></gco:Date>
                           </date>
                           <dateType>
                              <CI_DateTypeCode codeList="http://www.tc211.org/ISO19139/resources/codeList.xml#CI_DateTypeCode"
                                               codeListValue="creation"></CI_DateTypeCode>
                           </dateType>
                        </CI_Date>
                     </date>
                  </CI_Citation>
               </authority>
               <code>
                  <gco:CharacterString></gco:CharacterString>
               </code>
            </MD_Identifier>
         </imageQualityCode>
         <cloudCoverPercentage>
            <gco:Real/>
         </cloudCoverPercentage>
         <processingLevelCode>
            <MD_Identifier>
               <authority>
                  <CI_Citation>
                     <title>
                        <gco:CharacterString></gco:CharacterString>
                     </title>
                     <date>
                        <CI_Date>
                           <date>
                              <gco:Date></gco:Date>
                           </date>
                           <dateType>
                              <CI_DateTypeCode codeList="http://www.tc211.org/ISO19139/resources/codeList.xml#CI_DateTypeCode"
                                               codeListValue="creation"></CI_DateTypeCode>
                           </dateType>
                        </CI_Date>
                     </date>
                  </CI_Citation>
               </authority>
               <code>
                  <gco:CharacterString></gco:CharacterString>
               </code>
            </MD_Identifier>
         </processingLevelCode>
         <compressionGenerationQuantity>
            <gco:Integer></gco:Integer>
         </compressionGenerationQuantity>
         <triangulationIndicator>
            <gco:Boolean></gco:Boolean>
         </triangulationIndicator>
         <radiometricCalibrationDataAvailability>
            <gco:Boolean></gco:Boolean>
         </radiometricCalibrationDataAvailability>
         <cameraCalibrationInformationAvailability>
            <gco:Boolean></gco:Boolean>
         </cameraCalibrationInformationAvailability>
         <filmDistortionInformationAvailability>
            <gco:Boolean></gco:Boolean>
         </filmDistortionInformationAvailability>
         <lensDistortionInformationAvailability>
            <gco:Boolean></gco:Boolean>
         </lensDistortionInformationAvailability>
      </MD_ImageDescription>
   </contentInfo>
</MD_Metadata>